y_true,y_pred
58400.0,95552.23
177400.0,218975.27
294800.0,311711.5
49000.0,74547.98
108500.0,98786.06
232500.0,192529.48
361300.0,239929.47
158000.0,136288.36
240600.0,329641.75
226200.0,246120.11
456300.0,497337.6
233900.0,189722.89
407000.0,372070.5
57500.0,81434.74
62000.0,92771.48
123200.0,157494.72
67700.0,80908.57
439100.0,367213.22
226500.0,167240.8
269400.0,254579.28
122200.0,113046.016
47700.0,82482.26
67500.0,124731.266
173500.0,219854.11
138800.0,145464.52
326700.0,214020.22
114600.0,165341.56
223200.0,241517.19
167500.0,145882.12
231800.0,118341.4
277400.0,157757.78
106400.0,104976.12
214800.0,214339.67
67500.0,118946.625
119400.0,97980.56
173900.0,107210.89
65800.0,77845.86
201900.0,192245.28
144000.0,217175.05
73800.0,113645.625
197600.0,182122.3
205000.0,215736.03
345300.0,217580.95
140800.0,104174.58
287900.0,322352.78
218300.0,281868.66
173300.0,231776.42
261400.0,219011.39
175300.0,198545.98
281500.0,218348.0
88200.0,117671.555
146000.0,115077.734
81400.0,98761.1
109700.0,93481.9
383900.0,351505.78
64900.0,84924.87
57400.0,76160.766
189600.0,161296.22
146600.0,224753.17
121400.0,127017.32
343000.0,304941.7
176100.0,207351.81
227500.0,263031.75
151300.0,188850.62
381500.0,293928.72
140800.0,99734.67
159600.0,140876.39
96100.0,141710.08
152800.0,135790.03
156500.0,160719.02
162900.0,172699.27
143000.0,97262.766
254300.0,209600.44
282900.0,324792.12
72600.0,94426.57
175000.0,211302.78
381900.0,336417.25
340900.0,327321.4
195400.0,218263.05
116700.0,215541.7
252300.0,233170.5
76300.0,97709.586
276000.0,185754.56
89400.0,84233.68
228900.0,233899.0
299300.0,326909.3
162500.0,142960.8
215300.0,211301.78
227600.0,211688.64
156300.0,95175.8
85700.0,131124.45
261800.0,210222.42
268500.0,311311.3
164200.0,174957.11
100000.0,131743.28
322200.0,207162.06
240000.0,263041.28
170700.0,105745.3
53900.0,87096.67
243700.0,222350.25
425000.0,163126.27
62000.0,88686.88
169900.0,196431.12
133700.0,204472.42
123400.0,149067.88
145800.0,179888.94
181500.0,214053.48
360600.0,336453.2
452600.0,459717.28
192000.0,174343.17
113000.0,184092.75
151900.0,160492.48
47800.0,104122.13
192000.0,168344.14
287600.0,243302.36
62000.0,176943.84
493300.0,324784.7
155400.0,150931.1
359900.0,353523.22
221200.0,223222.86
418500.0,183903.77
158000.0,176534.44
432400.0,943429.06
152000.0,180155.22
136300.0,149781.67
47800.0,74358.39
127000.0,194291.9
274300.0,226249.73
159900.0,152013.8
72900.0,73342.24
49800.0,75631.016
124300.0,131206.39
178600.0,121611.18
310000.0,284003.0
144000.0,102701.21
187500.0,107233.08
181700.0,165917.16
109800.0,127117.055
344700.0,231357.27
167900.0,203304.98
83600.0,112241.29
138900.0,209074.98
106300.0,165301.2
110200.0,96301.29
98800.0,147117.47
74200.0,101696.35
52800.0,98664.414
168000.0,176637.67
318400.0,239837.5
293300.0,214740.9
156100.0,157924.58
197500.0,173140.4
224900.0,211502.58
90300.0,102723.64
125000.0,137121.95
260400.0,283650.6
352600.0,273198.53
331400.0,390709.78
214600.0,173949.73
166000.0,184633.4
158300.0,200193.67
68400.0,74194.69
64700.0,76844.91
244400.0,166621.36
92800.0,100302.51
273200.0,234777.52
71300.0,120431.18
130100.0,147236.5
179600.0,162284.17
137300.0,137252.66
146500.0,133945.52
418400.0,166183.67
181300.0,200622.17
47500.0,52080.207
229200.0,176229.97
121500.0,106620.52
176900.0,138571.05
237600.0,286414.53
370900.0,369870.3
269500.0,295778.97
91400.0,131877.92
166100.0,150204.38
324000.0,277887.72
232300.0,225244.55
423200.0,398274.94
306300.0,246682.42
229900.0,193413.2
201200.0,212922.5
157400.0,137072.53
277500.0,264942.34
166300.0,216891.48
198600.0,193848.27
94800.0,167049.98
356300.0,296792.5
300000.0,164907.25
350000.0,235214.53
157600.0,127265.04
63800.0,92561.945
112500.0,141142.78
94200.0,111125.18
212700.0,224241.05
347900.0,229435.12
178100.0,209585.23
405500.0,292798.7
362500.0,251684.12
196900.0,198391.34
137500.0,163583.66
191100.0,138925.14
500000.0,303040.75
332700.0,221542.95
263100.0,158279.36
91900.0,94430.26
347800.0,193446.05
167400.0,237212.23
208300.0,161844.3
90400.0,131803.61
202700.0,192330.73
173300.0,181333.03
60000.0,96686.23
193800.0,164179.9
89200.0,97891.74
350500.0,399195.16
190400.0,166194.92
239200.0,217703.84
163900.0,174263.88
174200.0,164363.83
48300.0,81937.055
79600.0,135758.05
244600.0,254366.44
159900.0,216913.4
159100.0,199012.33
315000.0,230886.23
212500.0,45829.414
359200.0,359577.38
136700.0,129828.37
160500.0,151854.27
70100.0,69867.98
212500.0,109667.24
78800.0,87455.41
154500.0,140504.6
183300.0,135192.16
411600.0,330378.84
79900.0,73577.914
157000.0,202666.94
141600.0,87068.68
162500.0,203547.3
433300.0,251385.47
55100.0,73540.664
204000.0,232720.4
134400.0,115429.91
123800.0,165835.22
175000.0,186214.66
225800.0,197401.27
113700.0,148196.56
286000.0,259706.16
101000.0,160452.08
139700.0,105358.25
190400.0,210818.5
90300.0,139416.34
292700.0,288942.12
302500.0,341662.94
92800.0,134397.84
157800.0,207106.16
92200.0,102578.66
303400.0,313115.38
115400.0,58947.35
68500.0,70761.984
222900.0,206860.6
80900.0,88228.72
98800.0,67206.91
134600.0,147600.77
353400.0,276716.44
216000.0,175156.11
264300.0,208510.67
323700.0,228219.17
127900.0,147319.52
94400.0,81811.19
301500.0,290155.44
91700.0,106922.945
150000.0,180189.25
231400.0,276827.28
214100.0,257199.22
183300.0,169818.6
90000.0,68055.91
339200.0,229933.02
210200.0,185541.22
132000.0,171312.83
376800.0,284326.3
156300.0,140518.92
226100.0,241555.19
151200.0,194009.17
167000.0,115819.04
214600.0,215579.53
284400.0,223247.77
151400.0,162584.84
53000.0,69889.57
240000.0,262230.28
281300.0,255806.6
175000.0,208681.16
125700.0,162234.03
266300.0,266962.28
248400.0,309822.44
76800.0,81549.375
213700.0,213320.45
113300.0,186172.22
117200.0,125522.67
162100.0,143089.83
225200.0,211923.77
87500.0,164148.9
144100.0,189853.2
353400.0,243793.14
83100.0,115857.59
173200.0,119024.016
243600.0,221259.39
233700.0,193720.75
109700.0,178194.28
132000.0,118834.72
170800.0,193383.88
160400.0,187379.0
190500.0,233692.77
153800.0,160672.12
96500.0,103938.195
101800.0,119010.17
405200.0,245932.64
53500.0,75278.266
289600.0,203857.53
61500.0,81457.19
184100.0,190289.7
80800.0,146330.66
268000.0,176552.45
180100.0,301212.0
137500.0,155313.3
272800.0,319762.78
176500.0,190572.28
139000.0,114709.68
205100.0,210814.48
279900.0,242672.52
286500.0,190298.23
61200.0,77687.81
84100.0,75343.195
162800.0,194638.89
246700.0,193445.3
146900.0,135004.95
207000.0,230968.61
110900.0,156990.4
39600.0,69218.945
96700.0,130219.47
463800.0,323497.2
190900.0,213760.34
125900.0,119685.12
374100.0,408301.1
149500.0,189306.3
67500.0,92060.41
391500.0,159515.14
189800.0,161953.3
189300.0,163256.69
130600.0,127711.25
61500.0,87613.52
339000.0,225142.97
254000.0,193608.27
190000.0,221453.39
175500.0,189879.64
353900.0,223974.53
83400.0,92386.88
72500.0,81423.79
288400.0,229699.39
137500.0,139823.12
346500.0,210163.69
206300.0,207137.95
116300.0,116320.375
181800.0,132011.8
194100.0,158613.9
358200.0,289172.28
182600.0,147011.44
98300.0,105729.46
210500.0,264894.6
154300.0,99410.86
68300.0,93454.086
64400.0,94753.76
189400.0,211400.95
132700.0,138046.08
135100.0,123387.95
283800.0,263963.06
146300.0,174655.03
70600.0,106753.195
176100.0,176034.45
81800.0,109896.945
148800.0,120312.71
262800.0,258666.52
409600.0,254847.69
175000.0,153518.03
133100.0,208562.97
498600.0,676276.25
73200.0,85953.16
84400.0,122146.9
104800.0,98313.695
162500.0,168213.81
147900.0,118371.65
238000.0,167774.67
91600.0,135720.12
75300.0,84645.266
74500.0,85999.81
135900.0,109909.414
155000.0,128539.21
154300.0,193015.19
293100.0,277111.25
93800.0,117984.28
159100.0,218335.7
189400.0,170808.89
287500.0,233063.11
120100.0,188363.0
67900.0,89695.516
85100.0,77067.8
177800.0,107929.72
132100.0,174862.36
101900.0,89332.27
122700.0,133511.89
209000.0,221087.9
202800.0,217291.06
147400.0,155901.55
235500.0,300607.34
70200.0,138153.42
111700.0,119593.04
490400.0,292764.9
89600.0,140189.11
225400.0,143538.53
97500.0,85313.14
54000.0,99391.805
394600.0,333976.6
266200.0,253943.0
334100.0,306270.12
234600.0,202141.89
100800.0,122766.21
142600.0,203564.77
183400.0,198497.33
238700.0,259017.78
104100.0,96747.1
96400.0,103975.87
127900.0,104343.51
223100.0,244400.95
149800.0,143435.77
164400.0,188516.64
372900.0,278725.38
141700.0,181257.14
225000.0,180171.72
203300.0,134886.67
329200.0,260509.62
181300.0,157560.67
91300.0,119949.875
360600.0,191684.53
297400.0,307864.34
78200.0,98360.77
84400.0,99047.66
155600.0,248301.81
493400.0,340967.0
174000.0,190733.73
369700.0,377228.34
267100.0,221924.66
155000.0,138427.34
65500.0,68137.08
279400.0,222128.77
225000.0,171762.05
122900.0,129805.47
95300.0,110440.45
161100.0,176463.73
214200.0,141324.89
72100.0,128672.164
118200.0,163273.97
346100.0,250211.33
132400.0,163639.05
156900.0,124437.086
177900.0,205557.94
148400.0,234998.83
130600.0,102674.67
268800.0,257304.22
417900.0,252003.8
191100.0,131011.83
140300.0,191450.12
350000.0,184344.69
312500.0,126449.87
262500.0,220966.48
159400.0,142782.03
80200.0,122566.75
263800.0,217741.83
217700.0,237610.48
108800.0,98750.93
500000.0,225807.62
187500.0,189862.08
354100.0,245911.53
123200.0,118628.75
206300.0,141349.83
207400.0,304116.6
151900.0,125147.47
102600.0,131183.98
196700.0,224338.8
103400.0,151863.67
97800.0,97028.375
89400.0,84606.766
191900.0,142455.47
322600.0,203523.81
72500.0,98706.67
181300.0,133137.81
262100.0,256654.78
71300.0,90346.18
72800.0,88774.3
228500.0,179254.28
143300.0,179559.17
311800.0,286411.78
191100.0,206521.55
207400.0,178760.06
243200.0,185953.42
332500.0,312794.25
97500.0,126308.13
219400.0,207494.44
99200.0,111134.08
213300.0,134268.95
241900.0,253357.6
110300.0,142831.06
191700.0,134773.52
237500.0,181244.69
161700.0,236421.53
210200.0,192161.5
425000.0,193597.56
110500.0,123817.26
282900.0,294733.47
125000.0,668431.1
111300.0,102687.2
80400.0,117643.73
156300.0,67829.63
92600.0,133239.17
120800.0,106682.47
206900.0,206041.55
150000.0,94416.84
88900.0,162967.66
299500.0,308365.66
67500.0,61051.082
321800.0,222447.61
109000.0,110814.14
66500.0,72627.266
108000.0,98871.64
95400.0,128227.734
204500.0,199616.78
359400.0,262868.25
182100.0,202835.73
238000.0,251728.05
304400.0,314604.5
75000.0,72644.8
87500.0,124476.85
90500.0,112481.86
326100.0,203617.77
293900.0,256672.89
223600.0,207022.42
207000.0,224799.89
102000.0,128897.78
116900.0,138197.42
162000.0,193363.78
224000.0,157220.98
252600.0,243716.89
416700.0,325019.56
154300.0,143272.39
126200.0,89476.625
253800.0,216881.36
94800.0,99445.28
100000.0,153884.34
170500.0,248539.2
230300.0,217737.06
154500.0,164571.19
129200.0,170213.56
130100.0,127179.266
59800.0,73250.88
163900.0,202325.11
197600.0,240677.03
116200.0,92011.516
160200.0,127051.734
159500.0,228512.31
266700.0,329720.97
172800.0,162348.4
292200.0,269455.38
335900.0,319412.28
108900.0,90922.54
243800.0,265314.53
110200.0,123463.99
255000.0,215977.72
220700.0,300098.62
348500.0,240123.58
477100.0,616577.3
321900.0,117489.445
142800.0,129104.836
92500.0,128681.984
140500.0,135954.2
138800.0,88707.77
213900.0,272201.44
401000.0,357880.84
253700.0,297756.16
96400.0,136667.23
215300.0,194155.2
94300.0,112930.72
67500.0,184934.39
211000.0,207520.75
150600.0,131592.61
216600.0,263139.4
126400.0,121262.24
145900.0,149191.19
60900.0,81112.22
152500.0,134994.27
275900.0,277244.47
350000.0,155037.3
356000.0,328469.97
100000.0,221145.89
157100.0,231331.23
59300.0,59997.465
184500.0,151637.48
179200.0,220886.22
266500.0,233443.06
323500.0,363553.06
61200.0,75406.02
138500.0,104452.53
92500.0,101385.695
238800.0,285854.56
112500.0,138901.16
173300.0,155095.27
127000.0,142478.83
190500.0,180781.88
386100.0,286493.75
124000.0,131591.47
78400.0,95162.81
348900.0,288507.88
90600.0,92863.09
82700.0,98700.74
225600.0,230079.33
123000.0,122304.62
65900.0,105391.01
116700.0,99953.77
231400.0,198012.55
248600.0,183926.92
411800.0,570180.94
209900.0,196563.8
177900.0,107101.34
237900.0,256973.4
156500.0,201776.14
69000.0,80815.26
107200.0,108821.37
228400.0,154583.45
333300.0,221244.62
345500.0,187181.83
287500.0,351508.12
160800.0,116617.94
401900.0,284709.16
435100.0,268326.06
193800.0,198070.9
76800.0,107977.39
291900.0,359800.7
44600.0,99195.03
245700.0,196255.48
183500.0,214932.88
282100.0,180062.98
97700.0,118031.1
118800.0,115560.2
107600.0,160647.45
176200.0,188653.69
432400.0,292451.53
340700.0,247021.9
243300.0,232855.39
144800.0,128520.7
175000.0,229221.67
129200.0,121023.086
143800.0,163167.03
450800.0,229945.52
83600.0,99998.11
287100.0,263165.0
200600.0,215351.03
156700.0,106512.19
387000.0,178270.1
97900.0,108571.65
139700.0,202375.1
316700.0,310701.8
138900.0,135551.31
159400.0,131066.195
103100.0,94931.49
229100.0,194936.48
118100.0,155120.72
108000.0,89976.36
107200.0,80034.53
270700.0,223366.17
179800.0,133380.94
95300.0,96830.37
278700.0,313100.75
342200.0,226274.12
344300.0,249992.38
272400.0,285004.2
172000.0,155611.89
124300.0,128544.98
131200.0,115164.02
77000.0,116155.086
187500.0,154794.42
189400.0,146580.53
127100.0,114891.64
252100.0,205658.92
221700.0,236680.3
222500.0,257484.64
208400.0,194817.73
144100.0,119204.07
86900.0,113005.27
193800.0,152877.08
332600.0,231081.19
53000.0,83150.44
124500.0,147917.27
61900.0,83267.56
289500.0,288273.56
37500.0,93508.914
188800.0,226791.53
314900.0,260491.48
150000.0,135971.72
349000.0,257178.12
73800.0,81989.34
355600.0,304201.0
178700.0,154672.08
231400.0,159202.06
183900.0,112946.766
197500.0,120112.766
270000.0,168341.08
77300.0,88428.95
55600.0,96638.29
272900.0,249492.2
186900.0,178487.33
191800.0,209041.69
90000.0,82526.8
62500.0,113603.04
135700.0,169858.6
306700.0,235527.66
99600.0,135151.03
212500.0,182151.81
412000.0,246694.66
143800.0,151780.56
97300.0,140865.5
184100.0,171368.22
191600.0,231988.27
300300.0,293199.97
113600.0,100263.3
278000.0,276837.6
162500.0,283573.5
190400.0,215900.08
422900.0,335944.03
417000.0,322585.6
138400.0,137903.05
100600.0,127564.695
287500.0,185549.36
53500.0,99590.016
63500.0,104610.44
95300.0,92029.68
103600.0,94095.21
69800.0,98209.11
354000.0,306834.94
190800.0,175958.75
212500.0,204802.44
152800.0,214463.17
251600.0,212101.89
151700.0,186396.78
127700.0,163896.28
355200.0,182034.42
110200.0,111742.83
248700.0,135074.88
155000.0,195994.0
59100.0,95422.73
247800.0,217245.69
158600.0,83331.83
75400.0,143134.05
246900.0,229186.7
183600.0,247726.58
90200.0,135969.89
213200.0,209246.53
95800.0,109010.414
273700.0,332102.34
156300.0,93066.74
193400.0,190531.39
160800.0,136199.1
112800.0,107428.9
158700.0,142368.27
211000.0,172758.9
369700.0,277756.03
99500.0,102095.65
247900.0,200485.61
497600.0,317029.34
248700.0,245860.64
185200.0,171138.1
157100.0,160551.58
218300.0,188314.86
99600.0,117664.59
75900.0,80881.95
68400.0,83513.15
137500.0,292322.72
183800.0,195909.16
101800.0,128143.75
90000.0,106542.46
394400.0,247655.0
94400.0,95199.58
209500.0,207666.86
93100.0,179280.44
209000.0,178434.9
195800.0,224626.1
386200.0,320426.12
217300.0,229609.38
71000.0,84392.484
271400.0,242904.52
96300.0,118501.766
191100.0,245565.16
111800.0,117752.72
225000.0,139812.86
253100.0,297387.22
232900.0,227478.2
187500.0,177815.2
147500.0,139713.83
266400.0,328724.44
140400.0,179050.28
94100.0,85981.61
153300.0,149473.6
390800.0,359052.4
106700.0,146869.06
142500.0,147067.39
164800.0,146322.98
89300.0,98256.8
97400.0,96365.97
106300.0,217134.88
283200.0,334128.88
44000.0,58671.8
283800.0,289673.8
71300.0,77961.164
381700.0,336583.8
87000.0,116509.11
58300.0,70548.99
182700.0,191554.78
113400.0,169941.72
187500.0,201471.56
123100.0,183925.52
154200.0,222196.14
175000.0,197201.62
423900.0,471553.22
115300.0,120534.25
65900.0,83432.82
129800.0,158095.9
150000.0,122290.38
125600.0,184478.34
66700.0,73385.766
202200.0,193741.62
345600.0,210942.19
229400.0,202869.97
125000.0,171887.4
144600.0,170690.5
282000.0,217326.1
254700.0,201736.11
262700.0,202675.62
112500.0,83621.055
122500.0,135671.2
112500.0,143477.36
246900.0,220077.31
254200.0,166655.36
143600.0,197212.34
140700.0,100826.445
221900.0,150897.42
252800.0,205437.22
173200.0,174942.42
187500.0,148579.06
307100.0,296279.22
414000.0,252235.34
295900.0,347169.47
128900.0,89335.086
164300.0,175461.9
74100.0,122377.42
50800.0,134096.97
113800.0,89920.0
179300.0,214247.1
135000.0,136272.5
214300.0,253797.25
148300.0,143281.55
58100.0,87004.52
341300.0,342362.25
282200.0,223323.36
252800.0,207541.94
106600.0,150564.5
168800.0,209994.98
135400.0,119614.14
341500.0,238731.88
204600.0,180711.89
192300.0,133933.12
112900.0,109153.25
241200.0,258972.1
171100.0,197927.02
130200.0,192387.97
137000.0,124378.83
85800.0,96554.09
125000.0,119908.93
93400.0,127446.87
90500.0,99502.58
96500.0,135043.19
293200.0,275399.8
152500.0,219841.53
170500.0,158778.88
96000.0,113620.586
88800.0,91764.22
170800.0,172016.45
368700.0,375025.9
213800.0,232554.23
146400.0,181256.8
69700.0,98279.1
350000.0,260663.7
136200.0,145995.14
269500.0,212275.11
90500.0,110089.54
201400.0,266190.7
213200.0,119580.61
235300.0,134458.61
46700.0,71462.76
161800.0,153958.17
325400.0,253983.44
195900.0,223532.17
425100.0,557441.4
213800.0,235997.81
275000.0,209966.16
109100.0,133296.88
67900.0,119008.92
134200.0,204532.48
191300.0,214402.64
190700.0,223246.48
139800.0,155237.92
241400.0,166043.95
72400.0,102347.945
54300.0,132115.2
137600.0,107330.28
81300.0,83665.805
274200.0,297317.47
118200.0,127409.31
244700.0,201677.25
173200.0,201721.11
126600.0,132282.0
266100.0,212246.97
228700.0,220828.5
59400.0,81268.555
225000.0,109492.41
185400.0,162158.7
169300.0,146909.55
211400.0,245601.22
72200.0,103469.11
154000.0,171642.67
200800.0,229742.55
157700.0,185938.7
85800.0,88957.35
55000.0,156176.27
126800.0,115241.59
277300.0,224612.81
205800.0,189402.19
333300.0,388825.6
302100.0,300164.47
425000.0,215083.17
69500.0,80349.086
87900.0,115969.36
139600.0,119400.79
218800.0,173198.05
162700.0,172291.78
83500.0,114096.3
71800.0,144220.64
366700.0,214711.2
190500.0,175184.34
277500.0,230868.19
349400.0,342838.6
402900.0,293381.5
231900.0,237069.52
64100.0,78187.97
232700.0,256617.08
266100.0,254155.0
235400.0,212904.22
61600.0,73110.53
231500.0,235966.3
93300.0,129504.625
276400.0,311424.47
149700.0,206032.5
65200.0,83810.99
142300.0,140421.53
135800.0,109321.805
174300.0,169052.98
78800.0,77476.5
319800.0,228099.94
98400.0,94015.02
231400.0,222027.53
187500.0,139514.25
267400.0,156560.25
188400.0,216617.6
404800.0,336868.66
125400.0,188498.48
350400.0,301215.44
42700.0,82792.62
226800.0,269063.53
47400.0,87655.48
322400.0,148283.08
188100.0,233927.78
102800.0,109398.36
172700.0,179435.06
81800.0,111251.57
257700.0,169832.84
217100.0,189089.95
91700.0,130746.34
106300.0,115641.79
162500.0,100859.336
445200.0,182915.84
371000.0,311468.12
403000.0,392267.78
89400.0,89482.69
215400.0,193996.6
100700.0,133045.16
64600.0,86588.81
342200.0,240592.11
192300.0,215520.94
240900.0,167803.31
192600.0,128161.59
213900.0,228931.55
348500.0,213128.3
150800.0,172038.28
236700.0,301028.22
138800.0,141816.34
157800.0,133351.55
162500.0,155982.75
194100.0,264362.34
175600.0,175973.69
109500.0,92787.14
109900.0,123637.555
72600.0,91731.49
286600.0,196746.47
129300.0,207143.3
107600.0,130234.25
243000.0,143461.48
221800.0,202572.83
170800.0,210916.03
77100.0,78145.85
54400.0,82618.22
92200.0,84695.0
142700.0,179943.33
88500.0,97757.68
70500.0,77412.836
248900.0,267533.94
56000.0,73475.47
275000.0,48870.53
160300.0,146643.03
268000.0,212729.47
125800.0,171070.38
160600.0,164204.66
105900.0,123650.99
127100.0,169746.22
307100.0,195373.86
157300.0,134562.64
454400.0,255127.34
86100.0,117891.6
128900.0,90794.3
82000.0,102205.34
73500.0,92091.58
111800.0,101989.28
369200.0,442679.12
184000.0,161632.67
262500.0,235755.77
132100.0,149870.98
232400.0,244551.8
106300.0,139296.73
131300.0,136665.94
230400.0,190521.4
216700.0,217550.05
256700.0,211953.88
162500.0,162179.11
442500.0,550400.25
77100.0,90311.9
316900.0,261688.9
289000.0,298688.44
269200.0,175452.86
170800.0,201335.77
487500.0,208531.34
124700.0,127810.43
61400.0,63134.145
70400.0,103967.74
97700.0,85694.27
47500.0,78381.86
162400.0,244835.1
120800.0,137330.95
79000.0,99019.13
49000.0,105004.76
214800.0,218529.44
159400.0,152969.98
243000.0,242778.06
307400.0,211475.16
238800.0,205367.28
177300.0,195594.97
175900.0,119101.34
141400.0,187645.28
181400.0,195467.8
44600.0,78695.016
54200.0,90309.66
334700.0,222178.56
86900.0,99031.695
146100.0,148755.6
146900.0,161767.92
394700.0,362019.7
320800.0,320633.38
90500.0,93463.086
156300.0,225100.03
248900.0,158783.72
59200.0,84969.34
100000.0,126699.5
170800.0,186072.11
137500.0,165232.33
500000.0,165357.48
159500.0,210855.5
225000.0,115917.61
208100.0,153504.27
59600.0,73536.81
213700.0,190781.95
177700.0,157873.38
215700.0,272578.1
174400.0,185769.62
137500.0,126082.836
109200.0,157926.53
334900.0,235021.25
87500.0,208827.69
68500.0,84500.73
118900.0,141723.6
462800.0,594895.44
199500.0,232836.95
137900.0,120872.91
113400.0,97958.8
137500.0,168534.33
152800.0,174186.95
307400.0,214181.31
377200.0,323809.84
129800.0,85546.48
153500.0,204686.45
394700.0,213474.31
49800.0,85111.6
397000.0,474963.94
211700.0,254793.02
221500.0,193952.38
262500.0,225992.03
248000.0,285076.22
121500.0,188040.64
420000.0,479037.6
200000.0,78651.875
93700.0,113710.45
122200.0,117785.18
85000.0,79621.6
144600.0,226612.73
121200.0,130750.71
177000.0,193097.31
190400.0,186799.66
244200.0,123018.66
238200.0,226646.23
153500.0,168533.84
78500.0,101221.36
134700.0,96004.555
206300.0,216728.77
171600.0,143723.73
120900.0,173212.58
216100.0,183255.28
117000.0,174392.89
71800.0,82119.25
247900.0,234439.22
152100.0,153925.3
91300.0,147676.1
82800.0,90594.41
55500.0,100424.92
208100.0,155435.55
164600.0,199203.34
158400.0,146594.66
177200.0,210476.78
111500.0,103275.69
130400.0,110192.9
392100.0,392103.22
175000.0,175300.5
374500.0,295943.75
75600.0,90591.91
65400.0,87272.27
187500.0,153709.66
231800.0,152767.34
199000.0,190927.75
180400.0,173015.45
190500.0,173160.88
282100.0,200229.95
113400.0,95195.586
50800.0,85103.97
268400.0,198488.42
137100.0,136354.4
375000.0,145788.95
92500.0,115367.06
173100.0,198976.08
82100.0,118477.92
162500.0,106936.1
281700.0,262201.75
62400.0,80362.5
46700.0,70259.805
127100.0,126984.984
149300.0,165298.52
215000.0,117814.73
194400.0,222117.55
206300.0,193167.48
244400.0,207739.56
239100.0,162709.88
118900.0,144793.25
112500.0,136243.0
77500.0,128891.27
279800.0,273359.6
155100.0,175936.1
148900.0,180980.42
62200.0,80831.21
271400.0,314264.75
62800.0,117700.625
172100.0,154373.81
115800.0,158763.12
169600.0,202710.23
345400.0,296332.06
103800.0,108481.4
123500.0,230436.83
236100.0,188218.08
116700.0,89464.85
151900.0,176014.3
316900.0,238424.25
126600.0,165526.0
233000.0,236955.83
215800.0,198355.97
168800.0,146762.8
167100.0,155146.45
70200.0,113066.72
319400.0,355226.84
122700.0,176237.03
160700.0,185863.19
135600.0,107151.914
151800.0,136664.38
241800.0,219973.23
188300.0,255115.42
123600.0,197803.23
183100.0,184878.33
88200.0,110163.055
334700.0,257610.16
230300.0,184649.78
170300.0,186230.64
176700.0,140022.89
222400.0,213848.22
282200.0,251412.8
90100.0,115542.24
228900.0,316441.84
236400.0,268926.03
369400.0,295431.66
68300.0,102212.07
170700.0,109482.9
353600.0,357637.9
93600.0,137091.23
126100.0,122239.08
163400.0,222569.4
111300.0,156895.52
136300.0,131604.9
78900.0,109566.57
164100.0,149449.36
57500.0,122624.51
220500.0,218781.55
137800.0,173748.12
163100.0,196336.36
108000.0,109178.445
69100.0,99975.32
248600.0,217226.62
180800.0,185489.38
295600.0,231916.83
218100.0,176611.05
87500.0,116078.125
363500.0,315929.22
99200.0,123751.27
207500.0,221822.03
492000.0,458445.0
69600.0,99965.02
146900.0,133419.61
79800.0,106476.84
195400.0,179513.28
164700.0,140111.6
390600.0,309873.84
192700.0,178490.73
311100.0,174877.38
203100.0,202071.34
140800.0,130619.97
203700.0,144204.81
113900.0,152258.56
213100.0,209737.0
243600.0,248334.02
202900.0,224117.69
236200.0,195630.78
84600.0,121828.02
239100.0,201643.02
140600.0,136573.56
68100.0,78859.48
142600.0,102868.54
195100.0,202631.38
143100.0,137422.4
129700.0,107691.6
446400.0,224173.47
364300.0,166376.19
350000.0,226645.16
197400.0,234102.75
334400.0,302872.6
103600.0,92578.805
265800.0,297579.0
137000.0,197541.75
150000.0,171546.45
195800.0,246082.55
210900.0,194796.38
187500.0,166399.36
82600.0,118601.15
154600.0,144493.5
157200.0,181984.61
144900.0,150169.14
177300.0,178470.47
72900.0,129138.58
206300.0,175460.89
150000.0,143245.48
202800.0,265714.12
412500.0,459504.72
92400.0,95482.086
182700.0,212518.8
365900.0,310385.5
133500.0,154820.69
143800.0,174886.72
229000.0,158108.12
252300.0,322128.44
157500.0,151073.38
191100.0,210432.83
129200.0,92967.92
106900.0,138868.05
179200.0,160427.45
176900.0,166617.86
276200.0,320050.78
188200.0,111948.375
352400.0,353064.66
477300.0,315750.62
116300.0,123493.08
380600.0,471915.38
191900.0,185898.11
451300.0,471346.84
137500.0,131213.14
97800.0,128971.93
70500.0,82067.42
268800.0,100722.45
383300.0,408926.94
92900.0,134873.81
260900.0,140735.25
178600.0,171062.88
171100.0,222593.61
470500.0,504585.0
283200.0,259513.78
264700.0,174905.89
123800.0,158665.34
87500.0,96983.69
130600.0,150765.8
341700.0,309331.16
125000.0,144504.39
109000.0,138023.56
164800.0,187720.45
134400.0,199650.3
334000.0,275103.72
135600.0,112339.27
77200.0,87193.74
240300.0,241744.86
71400.0,102001.83
102400.0,102341.21
259600.0,295510.28
232700.0,266231.06
483300.0,240770.69
219200.0,193821.83
412300.0,440378.38
106300.0,82288.27
193000.0,203857.73
174200.0,202060.75
165300.0,170745.05
218300.0,273865.8
361500.0,225494.94
430600.0,208561.38
356100.0,301236.72
218200.0,148941.4
300700.0,305082.2
196000.0,163556.05
68200.0,86617.06
130800.0,104167.03
42500.0,61239.32
158200.0,170203.66
96400.0,156327.66
130600.0,120243.31
314700.0,268439.7
106500.0,113156.9
233500.0,173802.64
184700.0,208143.9
169100.0,198176.33
164600.0,172205.38
303900.0,239754.94
291500.0,336729.25
265000.0,186992.7
75900.0,69066.164
89800.0,123987.89
130500.0,116433.47
235400.0,208284.5
181400.0,205650.1
117300.0,154557.36
235200.0,292446.78
261600.0,144935.55
139300.0,114179.9
275000.0,70628.625
123800.0,85745.94
108500.0,114684.305
366100.0,326282.3
87500.0,101139.53
213500.0,220298.22
51800.0,72351.16
118800.0,99424.984
55800.0,69685.11
65900.0,75281.35
196300.0,209241.14
208100.0,199970.05
97200.0,140831.11
160600.0,195068.16
288900.0,161738.77
327200.0,224138.62
188500.0,132453.31
217400.0,203222.02
212500.0,105821.26
350000.0,233015.11
237500.0,170711.02
84300.0,84994.305
343400.0,223285.45
111400.0,151798.52
132500.0,151946.98
165800.0,157015.4
105000.0,80955.19
158800.0,198304.7
225000.0,165536.58
145600.0,140495.75
125700.0,173331.55
205800.0,158947.95
106000.0,107385.16
131900.0,191646.88
236100.0,155044.55
390500.0,326354.22
96400.0,108147.33
160300.0,151106.38
171300.0,152920.83
275000.0,164239.89
323800.0,266148.8
127800.0,166707.98
66100.0,92434.65
288400.0,194445.94
258100.0,295237.6
219400.0,90419.445
137000.0,149316.3
175200.0,131088.69
199200.0,217831.36
53200.0,97043.37
237000.0,245948.11
94600.0,137248.34
387300.0,311034.44
354000.0,176232.16
75900.0,104016.93
253300.0,152541.69
89600.0,105643.89
294000.0,157550.3
219300.0,235114.5
189800.0,170094.62
176100.0,210207.38
170200.0,98619.55
225000.0,200499.58
183800.0,216563.27
147200.0,134572.0
124000.0,107512.22
115300.0,120046.01
156900.0,189510.05
95500.0,79976.695
204400.0,176409.05
152800.0,113066.39
94500.0,99566.65
70300.0,63778.715
196200.0,185809.48
310600.0,358795.34
189900.0,173281.8
287900.0,320512.6
143100.0,213159.8
246100.0,206584.98
115400.0,168092.27
187500.0,109522.27
243100.0,250140.47
244400.0,199936.48
73000.0,99585.74
350000.0,210895.31
93500.0,122210.055
212300.0,208507.69
137500.0,117103.63
300000.0,234008.11
116400.0,98568.39
103100.0,101889.83
379500.0,366525.03
242100.0,203557.0
158300.0,139583.58
140300.0,178042.42
104400.0,111887.64
150000.0,91997.48
59100.0,100639.21
246400.0,212614.88
258300.0,83558.555
220300.0,247349.34
134300.0,94896.01
100000.0,132417.06
327600.0,304784.97
106200.0,138229.33
93100.0,102010.78
95700.0,125514.77
450400.0,530818.1
337500.0,183551.4
260800.0,265469.7
372000.0,243599.77
216700.0,133418.84
120600.0,126351.625
125800.0,152504.89
330200.0,197108.56
57400.0,83881.04
316700.0,156397.0
263900.0,297722.9
156400.0,166775.88
94900.0,110040.2
356800.0,271764.38
156300.0,244202.67
167100.0,167762.84
128400.0,148795.73
122600.0,134420.14
87500.0,163912.55
110700.0,122650.7
95200.0,126817.61
387200.0,333068.8
193700.0,162441.17
111100.0,106955.99
193500.0,263873.7
231800.0,232104.67
130600.0,143540.05
98400.0,99916.8
125000.0,163588.19
225000.0,181437.86
65500.0,94165.055
156300.0,91006.86
326000.0,207643.69
251400.0,252141.31
120700.0,141219.39
171000.0,190663.0
298600.0,221069.36
96600.0,120031.125
285200.0,288744.6
94900.0,96818.55
282600.0,216678.75
329500.0,323986.25
352800.0,433107.1
354700.0,238631.94
344700.0,284534.38
336800.0,153025.0
132100.0,119838.625
279600.0,182987.73
328100.0,202318.75
336900.0,273459.2
157100.0,233798.42
136100.0,148408.98
159500.0,128538.35
106000.0,102532.4
116700.0,77464.234
168100.0,236141.0
84000.0,101604.45
58000.0,77369.805
175900.0,209175.5
314900.0,308686.06
96000.0,126330.54
138100.0,186372.06
216300.0,198517.39
196300.0,185389.28
54400.0,83658.87
91800.0,126024.055
172400.0,269863.25
265800.0,171594.06
61400.0,84588.37
150000.0,165898.48
157800.0,149327.98
147500.0,114431.93
411500.0,425218.0
249200.0,170171.05
167100.0,210242.86
101100.0,152750.73
239900.0,308053.78
139000.0,114277.18
321200.0,251823.38
222600.0,130688.125
290800.0,304031.34
293800.0,210000.6
93200.0,143325.97
91700.0,86924.984
87500.0,87455.74
70200.0,127204.734
208900.0,201752.86
162100.0,163015.08
78400.0,87329.64
167400.0,192089.86
156000.0,136102.48
84400.0,130782.51
116300.0,97873.73
64600.0,83342.56
225000.0,242099.0
139300.0,177354.55
101600.0,102749.61
463500.0,331762.7
105100.0,136550.89
136800.0,147456.7
132600.0,98210.516
219700.0,255428.25
202100.0,196604.11
137400.0,130657.09
251200.0,234435.64
291100.0,323489.47
132200.0,168852.22
181900.0,172763.19
237500.0,177832.67
305300.0,319517.06
352200.0,353776.5
299300.0,210378.86
156300.0,136567.17
331000.0,276889.88
125000.0,136988.38
188700.0,159400.92
251900.0,228242.89
115700.0,162022.67
234100.0,270725.0
93200.0,85571.2
224200.0,221470.08
22500.0,145823.7
73300.0,86753.38
291000.0,251202.84
372600.0,315799.7
179800.0,209281.05
84200.0,122862.6
156600.0,157498.77
171300.0,144425.86
149500.0,175599.34
81300.0,94478.0
158000.0,172887.45
209800.0,231248.52
318600.0,258419.2
234200.0,268587.44
140600.0,185562.8
326800.0,278578.7
90200.0,122773.12
381300.0,386995.84
142100.0,178285.22
158900.0,233967.72
259800.0,232510.33
90000.0,93973.97
119900.0,113890.29
203400.0,174111.05
161900.0,262672.03
177800.0,207343.11
86100.0,156957.47
150400.0,151315.05
247400.0,208974.11
89200.0,97970.57
483300.0,290707.47
337200.0,110054.69
280400.0,277402.38
180800.0,200495.38
202800.0,172926.2
240500.0,244948.83
132200.0,130192.52
275900.0,189372.92
325600.0,267309.0
341200.0,234378.64
122500.0,109734.41
262300.0,303936.84
66400.0,99563.05
133500.0,174365.28
434500.0,244404.67
318800.0,247640.6
264200.0,217572.88
218300.0,153708.33
183800.0,195562.89
285200.0,312729.53
343100.0,189270.9
119000.0,140297.58
87800.0,102180.01
160500.0,200872.4
139800.0,159207.53
264100.0,241518.11
154400.0,151782.89
175000.0,229397.94
93900.0,123521.82
122900.0,203053.67
359900.0,274310.2
235600.0,232931.12
220300.0,128245.586
108900.0,157079.81
97900.0,77652.484
67000.0,70842.0
204300.0,128085.59
184900.0,185275.45
221900.0,216338.88
143800.0,129561.2
103400.0,116962.89
157100.0,129932.414
116800.0,118847.07
107600.0,191147.83
122600.0,97950.945
120100.0,115549.3
105800.0,172624.19
264100.0,293146.28
457500.0,261684.4
376000.0,202286.72
142900.0,98083.22
350000.0,209138.98
304800.0,224965.03
345500.0,236663.36
113700.0,103460.73
258300.0,230115.31
186200.0,141079.4
250000.0,159126.17
124100.0,92182.26
185900.0,122178.125
247200.0,161402.55
350000.0,110644.02
218800.0,151553.48
133700.0,199549.4
144000.0,166270.08
185000.0,187219.14
273900.0,381055.62
150100.0,140381.23
150000.0,191990.05
180100.0,271254.53
135600.0,137671.64
264700.0,267374.03
62400.0,119164.97
340400.0,293981.7
400000.0,278080.97
101900.0,148293.4
246900.0,190742.47
171300.0,169956.8
171600.0,188706.06
143300.0,220780.08
67500.0,72179.55
152100.0,203345.89
195200.0,156171.48
92300.0,111853.82
198600.0,210489.23
220500.0,158908.39
236200.0,205183.06
100200.0,110667.445
135200.0,227159.3
90900.0,119379.61
340500.0,223220.94
81100.0,106067.69
249000.0,222561.12
113600.0,133858.16
276600.0,229100.16
309200.0,231038.22
281300.0,209323.36
240700.0,286360.72
283300.0,241845.39
67000.0,91303.39
162500.0,99254.64
122900.0,126868.78
322700.0,303614.4
95600.0,99113.8
103600.0,90596.83
143100.0,154583.02
217500.0,95258.336
264600.0,231141.14
162500.0,125241.31
285900.0,281485.06
190300.0,180228.27
96900.0,105539.87
260300.0,171091.75
68400.0,119515.85
123600.0,167022.27
225000.0,206592.86
80700.0,100729.85
178400.0,200261.08
112900.0,165033.42
80700.0,183776.3
454300.0,600298.75
152500.0,96512.57
335100.0,291011.75
287100.0,325397.3
387700.0,366950.3
79500.0,66813.12
359900.0,264020.7
207100.0,210815.48
119100.0,148137.77
175200.0,193545.5
272800.0,214274.27
190800.0,185720.55
135000.0,89171.83
235600.0,268404.38
73500.0,95145.39
350900.0,320552.66
86300.0,83890.08
196800.0,224115.12
95500.0,110305.82
72600.0,71390.62
77500.0,123330.66
240000.0,175901.2
95300.0,125304.516
259700.0,259394.77
159400.0,172403.72
181800.0,181645.8
138600.0,163964.77
57600.0,80164.7
290700.0,283749.06
275000.0,305808.97
162500.0,122778.97
236300.0,196505.5
96300.0,108968.21
277500.0,217753.88
184700.0,215047.08
159300.0,196546.73
145000.0,141965.33
107800.0,92967.57
129400.0,176465.42
100200.0,127989.37
73000.0,111275.234
262100.0,275723.06
158700.0,146102.25
196700.0,215106.77
328900.0,253758.77
232500.0,216162.97
144400.0,90517.55
72200.0,134990.27
152200.0,114858.12
210400.0,223841.7
107100.0,113928.2
172800.0,194764.42
229600.0,159427.53
175900.0,154193.42
253100.0,187536.33
404300.0,449791.44
417900.0,206295.77
153100.0,180156.08
138500.0,111116.38
332600.0,265050.0
350000.0,195504.7
108300.0,120257.65
47900.0,54254.812
166300.0,215297.22
206800.0,187990.25
189100.0,187845.45
369800.0,321224.7
66000.0,92177.336
288700.0,302749.6
342300.0,435884.2
270000.0,203213.1
146200.0,173652.2
116000.0,94034.664
91000.0,108615.14
267800.0,270032.66
220900.0,271414.44
70500.0,107391.41
179700.0,171586.7
308100.0,339589.44
66800.0,75399.41
233100.0,288811.8
83000.0,149671.3
58000.0,83980.055
124700.0,110637.69
96200.0,142864.7
175000.0,163858.47
195100.0,176461.05
239300.0,205198.14
227900.0,193456.92
453600.0,301909.7
271500.0,260388.4
192300.0,199134.78
158300.0,165284.64
238600.0,230525.19
88100.0,94878.63
353100.0,374319.5
127500.0,104666.32
147800.0,129820.695
77000.0,115686.57
137400.0,145597.62
496000.0,330758.72
93100.0,97880.26
134800.0,140004.61
187500.0,203826.83
175000.0,135753.0
159300.0,148823.12
262000.0,188073.11
255500.0,301450.22
75100.0,146101.42
172800.0,136584.77
192200.0,154946.1
63100.0,92180.06
159200.0,161149.38
139700.0,110346.12
44400.0,73548.734
86300.0,90018.16
159400.0,156813.69
248200.0,159196.6
95000.0,112483.79
214500.0,221877.25
140700.0,112993.95
212500.0,72980.33
187800.0,184044.83
433800.0,260211.66
222500.0,221112.16
41400.0,75841.85
113700.0,164929.89
28300.0,185847.05
175900.0,101108.09
382200.0,263955.25
182100.0,201602.25
150000.0,198362.02
324000.0,238758.73
67500.0,125417.49
106300.0,263489.72
108300.0,105979.42
186900.0,227622.08
112600.0,101213.83
218300.0,193291.31
240300.0,231959.95
180800.0,112364.45
140600.0,149191.19
165300.0,191747.42
324900.0,268919.38
90800.0,236751.4
219500.0,221432.48
216100.0,202841.92
156500.0,184155.61
101000.0,148890.14
218500.0,198564.72
55000.0,90955.49
466700.0,321213.34
171200.0,170929.16
135500.0,226252.33
90200.0,110143.83
274500.0,247175.08
264700.0,234418.42
267000.0,223813.31
123100.0,97220.76
132700.0,139065.92
49500.0,75968.02
300600.0,115986.836
450000.0,165422.16
252600.0,214437.0
184900.0,132611.42
147500.0,197598.1
158100.0,168748.72
166300.0,180739.81
142600.0,168422.66
164900.0,174267.2
89500.0,103193.086
103900.0,89444.55
218800.0,218109.28
143800.0,132266.98
124900.0,147244.08
359100.0,334963.5
183800.0,247439.47
48100.0,65658.555
173800.0,158368.44
219900.0,184406.22
67500.0,161435.8
202500.0,161863.12
336000.0,246803.38
241000.0,174722.17
153000.0,162187.47
271200.0,258411.08
333300.0,164038.11
200000.0,69701.73
345300.0,359967.12
180000.0,204355.06
276000.0,253390.94
219200.0,259908.34
231400.0,212205.08
175000.0,310866.9
305400.0,302550.16
236100.0,157564.12
118000.0,103301.01
244100.0,223806.9
270500.0,312593.84
170000.0,232621.22
97800.0,90997.49
272300.0,200714.61
363800.0,412373.62
270000.0,175446.17
151600.0,217959.36
136600.0,130735.125
195700.0,263734.56
177900.0,198218.86
101300.0,110901.79
156700.0,159488.97
45600.0,75781.766
196400.0,216893.14
181300.0,176087.67
185300.0,231104.77
350000.0,294318.03
96900.0,96163.91
58400.0,100214.54
209700.0,210311.66
156700.0,139163.42
118800.0,164568.52
227800.0,256224.11
141300.0,173370.73
153100.0,152334.38
202600.0,203280.94
141400.0,169800.45
263900.0,175574.39
145900.0,140188.98
334300.0,345162.28
332900.0,326319.97
214300.0,120336.234
219900.0,251475.62
137500.0,201044.31
339300.0,264885.0
148300.0,241543.22
456900.0,590961.5
172100.0,201772.1
158500.0,235839.19
138300.0,137245.33
240000.0,230006.7
161400.0,138543.3
221200.0,211973.08
174500.0,178181.36
139100.0,109359.24
472700.0,338538.84
91700.0,92006.516
131300.0,134963.23
78700.0,114614.11
80600.0,84128.914
191100.0,143561.4
359300.0,396977.28
69900.0,94724.12
184100.0,181281.0
112500.0,139644.42
212500.0,120787.87
108900.0,167250.84
130600.0,127421.34
258100.0,233360.7
93400.0,121555.64
77400.0,101840.87
278900.0,216696.11
197900.0,218867.11
292300.0,194769.44
300000.0,168670.36
113300.0,91144.53
256000.0,207509.67
384700.0,201446.78
144100.0,105991.05
285500.0,173714.48
190300.0,209995.8
126700.0,122692.586
155500.0,236488.97
289900.0,248086.89
128400.0,147012.84
162800.0,178379.78
166700.0,128204.87
313000.0,259337.88
90200.0,155232.73
173200.0,249224.9
232100.0,202399.42
375400.0,524709.94
229800.0,205217.9
194800.0,197142.77
135200.0,130937.76
450400.0,515836.12
141200.0,211432.0
76600.0,120462.66
104800.0,127252.91
89000.0,123067.71
283900.0,319011.66
184800.0,266078.25
318800.0,220787.66
126300.0,166028.75
113300.0,85505.125
179700.0,199427.83
242600.0,280954.3
325500.0,318547.4
95400.0,113971.56
343000.0,330289.38
179800.0,189685.8
425000.0,212251.62
198400.0,172895.7
192200.0,194225.77
61200.0,81022.23
202500.0,138842.89
217500.0,161803.86
71900.0,71922.49
171400.0,132502.33
425000.0,243190.55
86800.0,54793.207
199200.0,187222.89
68900.0,99150.95
145700.0,110705.98
330300.0,264258.0
86900.0,85059.34
159300.0,182017.6
118500.0,70334.555
130500.0,160978.27
132000.0,136312.8
122700.0,121958.57
210500.0,233320.64
175000.0,87011.41
287500.0,190937.03
287300.0,311982.12
147800.0,98462.414
489800.0,278234.56
69200.0,82719.055
387500.0,169311.95
71000.0,74183.016
206500.0,244955.61
269600.0,249969.72
247600.0,145606.1
344500.0,272851.2
99300.0,112345.59
153000.0,166900.47
192100.0,197797.95
264900.0,215261.3
291500.0,232452.69
213000.0,200158.36
73100.0,68476.22
145200.0,109889.82
201300.0,173390.08
273800.0,211824.95
152500.0,146296.47
320500.0,310244.34
253100.0,215438.53
339700.0,323530.8
80000.0,96714.445
360900.0,303702.44
138700.0,141763.19
100200.0,118770.7
91500.0,131156.22
65000.0,78676.56
120600.0,161979.72
341800.0,296840.34
70700.0,92999.31
113300.0,83009.56
214100.0,161883.66
215200.0,237445.58
51000.0,84426.055
40000.0,231908.42
214400.0,207327.48
95800.0,112314.85
206400.0,122740.57
211300.0,252366.23
137000.0,157793.14
140600.0,181524.75
245300.0,201666.1
136300.0,133498.52
162500.0,112348.06
185600.0,183696.58
114500.0,123710.68
234400.0,273447.47
150400.0,156373.14
269300.0,169482.06
420000.0,193923.52
198200.0,191127.78
265500.0,281781.3
278300.0,325222.03
133900.0,153678.44
165000.0,147248.58
351800.0,266755.12
255800.0,262377.88
124400.0,105763.95
93100.0,117191.22
155800.0,205307.56
76100.0,121258.42
277300.0,200368.44
331000.0,289173.7
106700.0,124696.54
52500.0,87413.47
106300.0,140638.52
315000.0,142586.48
154200.0,137731.92
69900.0,73165.15
155900.0,101789.21
151500.0,171356.45
230700.0,273064.38
234900.0,171701.28
402600.0,325145.44
162600.0,153589.94
205000.0,203518.95
66200.0,87041.62
49400.0,80084.92
68000.0,97883.99
235300.0,176323.27
95300.0,101523.96
161500.0,182942.19
131000.0,174053.28
185300.0,191243.92
450000.0,197261.62
238200.0,220880.31
422400.0,199109.52
53800.0,82775.72
121200.0,119816.91
139100.0,219450.03
58300.0,80769.57
134700.0,165155.28
106900.0,135339.73
187100.0,204386.83
270000.0,107598.38
228100.0,140984.31
193800.0,199954.22
97500.0,114266.17
103300.0,192585.67
143100.0,127953.24
83300.0,158505.33
89900.0,120438.3
71700.0,96463.52
40000.0,52244.72
146700.0,227483.84
323100.0,215600.5
181300.0,262663.53
106300.0,88556.89
236400.0,170281.44
328900.0,243221.62
345400.0,262523.28
89500.0,146826.5
165000.0,168550.56
112500.0,68447.49
114900.0,165725.17
246200.0,203493.33
112500.0,89505.9
405800.0,350766.72
359000.0,282071.4
341500.0,343978.97
185700.0,168890.23
247100.0,265728.56
78500.0,124454.055
110600.0,133550.48
170400.0,184298.62
344000.0,394850.03
244800.0,256537.8
186000.0,126004.82
47500.0,127693.11
165000.0,178989.16
173900.0,194505.11
154300.0,152190.33
302000.0,330029.9
169200.0,174282.83
308300.0,374925.06
165900.0,192860.81
217500.0,269561.28
237400.0,245002.56
133000.0,139250.25
220100.0,106233.82
275700.0,216952.1
239700.0,183419.64
191100.0,247317.5
355900.0,468379.56
147200.0,134603.84
287100.0,245050.0
113300.0,107829.2
156700.0,146766.16
157800.0,251230.4
59000.0,82587.89
139500.0,124374.8
100900.0,150434.61
132000.0,110830.84
190400.0,169680.98
187500.0,192179.47
62100.0,98983.25
129500.0,112360.6
223900.0,188415.28
249500.0,283996.5
296600.0,302813.7
320500.0,276001.16
93800.0,205837.28
178800.0,164058.3
207600.0,220854.62
168800.0,206599.56
185600.0,226740.5
385700.0,234251.48
56700.0,68794.6
187500.0,211378.17
160300.0,200908.61
286900.0,225425.7
245000.0,290413.2
235500.0,176420.83
94800.0,307695.0
157500.0,99693.78
74900.0,91152.62
328900.0,172539.58
225400.0,190375.92
391800.0,344590.34
208000.0,174114.88
221400.0,175639.7
210900.0,132337.78
199100.0,190317.83
250300.0,210991.28
159400.0,103274.016
201200.0,122004.63
91900.0,98204.336
288100.0,396338.38
201900.0,203823.33
225000.0,152987.64
68300.0,84560.945
446200.0,375407.72
45500.0,70805.59
150800.0,150256.23
472000.0,583767.0
187100.0,163013.05
75000.0,271007.34
169400.0,158258.22
180500.0,220345.08
68900.0,85222.63
362500.0,212939.55
91400.0,85865.25
171400.0,163142.45
105800.0,137605.61
54300.0,81308.48
184100.0,175025.2
264300.0,317575.56
111800.0,100774.055
238800.0,261956.08
67500.0,86781.35
249500.0,291202.5
129700.0,143987.28
98300.0,90145.99
118500.0,171675.08
249400.0,277402.9
90600.0,91408.984
146400.0,109884.58
171400.0,182128.89
110300.0,101614.43
192100.0,188041.72
185600.0,124202.805
149300.0,155593.05
272800.0,234402.11
162000.0,219702.78
158900.0,129338.125
222500.0,174227.33
361900.0,233825.4
133600.0,106200.695
251000.0,243742.92
140200.0,110474.055
103100.0,103773.78
415800.0,314288.75
235600.0,249974.02
192900.0,265509.2
199400.0,216022.2
164600.0,117010.305
281900.0,188735.03
114500.0,102135.09
214300.0,256477.62
60800.0,82090.75
176000.0,190542.11
141800.0,206224.36
161900.0,203118.36
136500.0,124702.72
65000.0,91501.44
70500.0,133616.34
176300.0,123628.48
294900.0,370445.38
112500.0,111926.7
195800.0,175033.55
165800.0,226258.8
211500.0,157939.03
90400.0,97511.4
172400.0,287092.72
70400.0,69263.65
230900.0,257761.53
115800.0,123856.12
159800.0,107947.016
381500.0,264351.25
137600.0,133078.53
96900.0,117886.43
198000.0,240181.3
184400.0,171466.62
267300.0,318186.12
126800.0,127841.88
45500.0,79041.99
168300.0,195374.98
205800.0,205222.6
71300.0,119379.266
111500.0,164680.61
181100.0,283503.47
123400.0,157868.86
304600.0,273965.1
200200.0,156031.84
57900.0,70188.08
74500.0,105369.2
185300.0,220359.16
161400.0,156793.66
110600.0,139619.92
163500.0,154829.27
141400.0,183105.22
160600.0,148965.12
90100.0,65984.79
74400.0,97642.234
125500.0,131254.19
156500.0,123610.08
114300.0,97703.9
353000.0,211740.94
300800.0,287033.3
340400.0,186649.38
204400.0,205246.67
250000.0,155940.81
493000.0,758223.94
225000.0,161606.31
235400.0,231518.61
102500.0,74908.875
271500.0,164861.64
100000.0,119818.625
158500.0,155986.77
87500.0,109579.21
325500.0,344183.06
138700.0,215814.23
127800.0,178776.42
111400.0,104444.96
63700.0,82692.555
439900.0,411258.25
90800.0,132114.06
111400.0,103107.21
192800.0,150574.4
121600.0,146040.4
396300.0,233390.3
148000.0,110684.76
180400.0,145789.78
184400.0,186449.75
152200.0,150363.75
241000.0,304121.25
147000.0,136824.25
125000.0,50305.98
163500.0,103664.58
144900.0,171547.75
113900.0,135872.67
194000.0,205222.2
139900.0,175100.0
131100.0,148329.89
81100.0,109504.305
359600.0,270392.9
223300.0,164713.44
83300.0,134816.2
183800.0,192132.92
65600.0,81471.33
222800.0,210623.97
98400.0,116105.47
127400.0,131258.2
60900.0,96172.43
187000.0,207467.12
233900.0,272494.4
222100.0,212472.78
260100.0,286108.75
128600.0,87921.88
95200.0,137092.14
376200.0,436590.6
159700.0,180220.02
179100.0,162226.92
92900.0,98910.69
306800.0,229084.0
82500.0,112719.5
86800.0,84720.45
122900.0,100737.63
67600.0,72682.84
142100.0,164602.89
158300.0,144488.12
314000.0,298570.25
138900.0,136929.2
72500.0,106676.87
70700.0,88583.76
96000.0,88491.04
460000.0,292256.1
138000.0,144282.95
259400.0,235746.31
97100.0,93638.58
80200.0,114271.62
165000.0,202880.81
223800.0,223415.81
112000.0,100916.3
170800.0,142657.48
105700.0,80949.086
292900.0,250471.8
178200.0,199770.28
94500.0,121253.1
422400.0,321998.53
224700.0,211136.81
329100.0,197692.53
58100.0,79800.32
203500.0,210288.6
180400.0,146997.84
111200.0,130452.41
192600.0,221236.81
268400.0,236200.67
218100.0,246907.44
174100.0,188698.31
225000.0,154743.2
137500.0,138972.45
273700.0,215086.67
265100.0,308405.94
195500.0,225895.28
241500.0,246797.03
240900.0,240744.28
186000.0,206766.9
115000.0,108760.78
197000.0,240100.22
159100.0,152999.02
76000.0,90044.0
239400.0,306409.75
174200.0,168229.86
181300.0,269281.47
96900.0,92700.91
225000.0,278558.22
74000.0,78379.24
90000.0,115765.266
403300.0,346559.16
187500.0,171502.77
251300.0,253438.8
64800.0,89701.76
291700.0,241316.42
217000.0,188067.72
96300.0,90934.68
132900.0,186834.58
161200.0,131445.72
64800.0,83178.91
335100.0,272557.8
163300.0,175476.8
350000.0,235957.97
367400.0,288215.56
65200.0,76907.445
75000.0,70332.875
266300.0,184768.69
186300.0,181397.73
161300.0,150981.62
188000.0,222191.06
218900.0,249615.97
289400.0,195075.6
104900.0,106701.39
62100.0,91602.11
61300.0,77856.11
81400.0,78331.72
98500.0,170521.45
386200.0,270706.16
108300.0,168271.1
119200.0,147889.19
247300.0,243142.53
251900.0,306511.47
88400.0,118558.51
303200.0,292167.75
146100.0,156758.52
183500.0,155747.75
159300.0,164813.69
180800.0,223864.34
143800.0,147496.36
160200.0,225420.97
109100.0,138450.44
218500.0,299077.5
200200.0,237015.72
114200.0,141472.69
140400.0,125274.4
330500.0,337081.72
182000.0,172101.95
110400.0,134535.83
185700.0,147563.05
151100.0,148845.98
194000.0,161511.1
161900.0,179069.58
97600.0,114892.19
205400.0,222348.98
309400.0,219288.52
75700.0,102023.336
118500.0,95517.97
284600.0,209579.05
74600.0,101113.4
96800.0,104870.055
224300.0,189042.34
420800.0,376129.44
158300.0,145947.53
119200.0,160413.53
225000.0,60989.688
81500.0,118394.0
216000.0,244402.11
213600.0,151203.83
169300.0,237612.75
212500.0,247953.95
157500.0,162472.94
131700.0,121186.055
180300.0,171928.88
420100.0,257455.67
185800.0,185465.5
58800.0,87316.31
290900.0,205295.61
51300.0,75690.62
74500.0,104583.51
326500.0,141789.16
204300.0,187705.06
81800.0,93042.695
245300.0,253996.05
278400.0,236516.48
101900.0,105360.36
93400.0,93798.56
107000.0,133199.28
236500.0,227005.11
97700.0,144971.62
161700.0,183226.8
69600.0,85810.32
167600.0,256505.02
152200.0,208352.25
150000.0,117013.43
62000.0,80034.53
276700.0,169772.92
146600.0,135222.84
163000.0,173470.12
336800.0,156821.47
375000.0,128483.08
162500.0,176126.3
239400.0,232507.67
103000.0,124946.52
197500.0,131604.14
442700.0,240059.92
157300.0,172770.6
91900.0,115042.29
230600.0,209882.06
132200.0,171321.31
212500.0,205492.28
195200.0,167523.81
57900.0,125307.62
76400.0,72157.32
129700.0,115118.45
82900.0,87574.59
271300.0,215355.95
159100.0,163563.08
99200.0,149366.86
190700.0,182569.22
325000.0,168908.27
163600.0,176943.67
51600.0,81364.484
369100.0,206883.48
191900.0,180723.95
232800.0,145665.81
112500.0,212170.47
207200.0,244391.16
235600.0,155793.34
56000.0,80898.38
123900.0,118332.14
369300.0,224317.83
275500.0,264721.88
150000.0,173008.86
142600.0,94695.85
188900.0,185358.17
301100.0,209971.36
164100.0,171184.3
188600.0,172146.27
250000.0,143361.38
137500.0,135860.62
321200.0,196914.66
268700.0,280229.94
207900.0,179692.28
273200.0,308316.84
143200.0,208388.81
421600.0,375457.84
75800.0,106768.06
172000.0,183827.31
190300.0,170627.03
183100.0,161904.5
185600.0,124049.625
51000.0,85537.99
80000.0,104338.836
192000.0,209217.39
80300.0,117295.32
70500.0,123094.0
110400.0,99813.27
67300.0,77938.42
162500.0,136251.58
149500.0,108277.77
134800.0,96437.41
179000.0,172957.05
136800.0,137582.66
231000.0,266940.38
123800.0,123778.54
335600.0,335469.25
201700.0,98389.48
146700.0,130769.29
227300.0,256870.5
278100.0,330964.12
311800.0,367200.97
184600.0,130951.375
182800.0,208468.72
149600.0,189539.88
200600.0,187042.45
258100.0,167458.02
139100.0,91408.2
272400.0,304413.44
237500.0,213147.0
313900.0,246687.14
443000.0,283845.4
170100.0,122402.98
191800.0,213695.92
300000.0,247159.52
197000.0,200785.45
134500.0,132291.08
132000.0,137685.03
189900.0,163311.97
223100.0,173665.95
450000.0,226397.16
164100.0,157751.02
189800.0,218117.81
262900.0,239977.3
486800.0,159027.7
175300.0,226383.55
87500.0,172361.14
452100.0,315118.28
72900.0,110802.625
290200.0,328627.9
92000.0,90853.89
59600.0,88508.43
297800.0,219423.45
150000.0,161254.22
167000.0,226531.27
336700.0,183025.27
98900.0,157555.56
212200.0,167665.44
160900.0,191390.06
348200.0,326390.62
295600.0,258206.12
410800.0,248587.08
100000.0,123196.53
290400.0,296394.25
375000.0,97383.15
90600.0,133242.86
176100.0,216635.77
261200.0,229291.2
257500.0,195383.36
404700.0,322995.62
141400.0,109873.58
167600.0,167895.05
84800.0,96796.3
309800.0,200084.5
155900.0,150126.19
131300.0,173228.44
98100.0,94953.22
312100.0,302443.97
303300.0,180611.61
155400.0,191911.16
216100.0,183108.53
72100.0,96896.51
215100.0,184366.48
218100.0,203749.47
357400.0,250457.47
119000.0,100262.15
264500.0,249235.38
73000.0,99664.695
162500.0,96983.69
97000.0,127111.234
295200.0,266675.25
178700.0,215738.1
344200.0,271858.72
178600.0,187143.27
87700.0,121746.14
173400.0,157105.12
146600.0,121100.56
117800.0,143213.8
175800.0,197322.97
134600.0,133212.5
161500.0,108964.48
283400.0,211443.3
61700.0,80437.945
157700.0,131009.45
314300.0,177971.97
237500.0,135369.67
106500.0,99779.96
182100.0,165667.02
172700.0,192881.23
218400.0,267059.8
274500.0,183236.06
233200.0,244534.55
95800.0,139217.06
132500.0,214796.61
48800.0,88650.016
192200.0,163511.92
159400.0,137741.77
437400.0,238647.64
184400.0,139413.83
146400.0,157760.34
192600.0,215494.02
394400.0,222004.67
293500.0,225554.3
60600.0,73464.47
68300.0,73191.945
136300.0,194743.98
56400.0,70877.69
92000.0,105784.836
437900.0,544120.2
165100.0,130177.01
238400.0,201518.45
274400.0,229666.31
357400.0,377517.7
355600.0,275491.5
160600.0,134393.22
311700.0,270785.94
175000.0,164871.39
388100.0,391816.5
67400.0,92115.91
344000.0,305486.28
88200.0,71879.016
283300.0,363538.84
86400.0,86043.87
137500.0,141769.55
181800.0,158412.1
199500.0,151692.44
133900.0,140279.39
332500.0,152506.48
96100.0,103195.25
98300.0,103299.234
218800.0,253621.34
71800.0,143183.34
182500.0,168076.55
164100.0,186347.55
175000.0,110683.49
94900.0,158277.25
198500.0,227408.36
245100.0,237751.94
258800.0,262122.52
117600.0,125018.99
164200.0,133268.66
97000.0,152762.53
121200.0,103158.75
165900.0,168783.8
166000.0,87240.984
234700.0,335805.97
72100.0,90996.19
161200.0,207556.78
102000.0,108114.54
326500.0,205249.02
239400.0,249137.45
238700.0,192819.8
100800.0,95088.24
181900.0,124135.9
240800.0,245100.72
223200.0,259097.6
160200.0,164702.14
292600.0,223415.38
204200.0,182352.39
56800.0,78500.51
132000.0,124484.21
129100.0,156543.83
122400.0,136139.1
68000.0,92204.5
242100.0,181321.8
456900.0,215131.39
217300.0,219848.23
290100.0,252023.27
222100.0,153130.98
109000.0,153648.23
226200.0,195580.98
93800.0,116191.875
277000.0,237958.58
258300.0,202912.94
53400.0,72904.71
181800.0,260588.14
285400.0,218872.75
350000.0,107714.81
410200.0,396153.2
211900.0,178018.81
322900.0,275161.44
218200.0,206292.03
78600.0,154870.31
37500.0,84493.875
204400.0,219595.33
486400.0,306868.88
58100.0,130807.83
85100.0,94612.35
141300.0,168131.06
228600.0,184358.58
160300.0,152209.92
157300.0,161712.69
212300.0,247643.67
67500.0,96476.04
190900.0,249523.61
51700.0,72169.5
198200.0,282099.94
96200.0,132365.3
181700.0,276277.12
49000.0,74249.41
101100.0,114928.24
68300.0,81478.71
245700.0,250387.25
333600.0,225767.58
492200.0,422926.1
142600.0,123966.84
151300.0,138937.86
99300.0,65518.504
194200.0,181703.67
482200.0,378727.16
113900.0,126976.875
414800.0,148179.73
62700.0,112884.63
260500.0,200554.45
150300.0,240970.55
159400.0,192436.97
269200.0,243864.3
239800.0,212310.34
275500.0,205928.0
225000.0,196630.55
177000.0,89319.664
243400.0,266491.94
141000.0,124886.96
83600.0,109250.83
434500.0,476031.4
281100.0,248326.9
256300.0,246413.2
117800.0,99949.1
111500.0,133605.77
124100.0,105572.08
139200.0,167969.83
305000.0,193392.55
261400.0,316392.34
172900.0,202208.03
295000.0,185405.72
177900.0,183524.8
93300.0,118786.336
212500.0,197552.69
194300.0,170507.95
137500.0,113617.664
229200.0,291659.7
262500.0,145934.03
146900.0,178197.34
279800.0,303324.12
207200.0,189888.7
325200.0,346075.3
183000.0,225108.61
262100.0,182262.52
224200.0,195085.1
374200.0,250731.83
289300.0,263949.97
322600.0,218265.55
435900.0,298908.4
178800.0,149571.7
105600.0,165391.23
266300.0,281889.62
400400.0,325282.22
457100.0,271489.78
235200.0,147673.56
150000.0,82210.305
176100.0,212116.05
240000.0,288750.94
155600.0,143190.98
170800.0,214366.45
324700.0,333875.94
179500.0,224912.05
80300.0,188543.8
170800.0,131348.11
118800.0,149643.89
94200.0,112905.625
102600.0,124625.56
140600.0,231463.64
180600.0,177723.48
247000.0,246297.38
397700.0,474805.44
230600.0,186011.61
361500.0,329346.38
183000.0,136787.47
229300.0,241508.44
105300.0,96940.875
55400.0,75839.1
81300.0,118619.92
267900.0,223969.19
275000.0,197658.22
97100.0,127305.34
224600.0,260872.6
148800.0,118824.97
262500.0,178886.6
485300.0,299228.44
175300.0,216813.11
350000.0,152545.03
93800.0,190196.44
129100.0,132937.86
267900.0,160472.12
139500.0,148183.27
187500.0,132464.92
428600.0,418388.1
348200.0,336215.8
163600.0,145472.42
261100.0,197892.47
121400.0,120989.05
181300.0,157406.12
205100.0,218060.19
162800.0,129553.664
197100.0,266000.12
300000.0,189566.98
73100.0,118506.85
170500.0,125477.91
246400.0,252336.16
238500.0,137717.73
289600.0,283716.88
247400.0,236942.72
129000.0,134357.22
60000.0,89577.72
450000.0,264892.84
143400.0,89752.76
131700.0,126235.64
58200.0,99720.5
187500.0,178886.6
295300.0,254943.23
94200.0,120250.65
269900.0,224914.4
115000.0,135024.39
184100.0,221743.98
266000.0,321399.66
191300.0,278624.38
61300.0,93454.53
266500.0,194594.9
91400.0,94841.0
264600.0,200338.06
178200.0,185539.45
225700.0,342955.34
152300.0,142211.67
167800.0,177196.14
188000.0,189491.44
382200.0,419756.12
92600.0,105926.77
120200.0,74291.41
185400.0,157027.23
105800.0,75018.11
53100.0,76807.836
335000.0,215698.6
182100.0,172832.23
339600.0,314137.1
155400.0,102234.3
165900.0,206764.94
198700.0,227977.92
160400.0,163435.36
192800.0,149876.12
206300.0,209798.42
63200.0,105416.44
118800.0,82861.02
275000.0,179371.42
146500.0,220069.12
351500.0,288298.84
54700.0,102283.74
76600.0,100097.625
149000.0,144088.38
95900.0,105758.305
62100.0,89490.875
151900.0,146296.2
258000.0,249925.62
136400.0,143438.64
208300.0,148139.05
189100.0,334666.53
137500.0,84743.4
193600.0,151996.25
314400.0,300311.06
197000.0,224586.69
266700.0,248511.0
187500.0,125463.55
252000.0,233110.9
155000.0,92145.87
89100.0,143538.12
168600.0,167080.73
137500.0,196145.08
150600.0,155371.08
213900.0,321839.5
168100.0,142263.5
213200.0,108867.56
64700.0,72224.234
265600.0,293853.03
59200.0,59628.91
247300.0,268954.0
108900.0,114383.7
260000.0,193716.12
129300.0,154807.11
157500.0,114513.81
306700.0,234870.0
107000.0,98735.39
158400.0,128182.375
176600.0,195153.56
306300.0,220359.16
383100.0,359474.5
282400.0,283901.72
304200.0,310164.2
167900.0,207514.62
131300.0,133924.56
145500.0,120288.96
437500.0,259364.83
218800.0,168168.75
261300.0,224998.94
133700.0,152018.58
74100.0,201720.72
209500.0,236047.78
234600.0,288923.66
81900.0,90561.24
198200.0,192940.84
108300.0,200710.78
135100.0,141577.28
72700.0,88166.56
246400.0,195369.58
275900.0,274606.75
225900.0,275774.34
306700.0,230442.1
355200.0,304233.22
143600.0,111889.99
141400.0,174938.1
167500.0,240256.89
236500.0,258806.67
91300.0,92228.516
57800.0,67292.21
140000.0,194663.58
500000.0,313043.12
278400.0,144709.17
240900.0,198362.02
175200.0,224104.86
155000.0,153320.8
240000.0,198719.5
340600.0,332840.5
153300.0,81479.09
233200.0,256958.7
225200.0,221586.48
177500.0,197405.6
372200.0,247812.36
112500.0,114960.14
96700.0,125995.45
107600.0,142007.84
232600.0,238318.31
132500.0,127886.76
50900.0,88621.27
185800.0,197888.7
232800.0,167776.11
237500.0,194989.86
202600.0,231120.42
258200.0,317333.66
222100.0,257504.05
340300.0,335598.2
196900.0,186792.36
143500.0,141702.23
499100.0,373654.3
22500.0,142385.11
87100.0,143131.6
137500.0,113014.22
242700.0,285106.94
243600.0,254982.86
226900.0,221253.48
341700.0,294067.22
50000.0,84074.375
145800.0,178442.05
180500.0,272445.3
456300.0,266147.53
75000.0,85062.42
68700.0,108929.25
234200.0,253418.25
244800.0,288778.47
83000.0,83836.97
112000.0,102601.36
234100.0,248531.14
74400.0,104473.35
195200.0,206177.17
115100.0,101430.28
258300.0,214789.03
82400.0,148702.83
245900.0,231785.27
112500.0,203142.77
160800.0,210667.97
295800.0,318431.7
354500.0,280656.78
116000.0,94567.336
300300.0,296599.8
71300.0,96065.18
127500.0,105074.58
55000.0,93606.164
206900.0,199603.08
101400.0,113470.07
314300.0,236674.88
73600.0,99081.664
156300.0,184456.17
141300.0,94135.16
185600.0,255305.03
377200.0,138857.31
153100.0,166570.67
267400.0,280797.6
274200.0,161504.94
152900.0,121253.68
182900.0,192052.12
271900.0,218077.88
80400.0,80596.36
112500.0,130407.01
112800.0,116474.78
215900.0,234874.7
430000.0,344822.1
76200.0,98355.33
190600.0,133179.22
150000.0,131043.695
360500.0,231810.9
220000.0,155716.4
55500.0,64559.83
245000.0,226864.0
195800.0,175655.61
156800.0,105154.875
113200.0,100589.12
247100.0,165648.7
77500.0,110400.75
182000.0,184701.56
182300.0,173525.06
495500.0,324067.8
270000.0,227185.95
302600.0,162469.53
159300.0,107201.18
397500.0,329516.97
233500.0,202150.38
152500.0,267100.03
129300.0,124474.48
464600.0,298568.25
341200.0,376135.2
288500.0,209918.9
281500.0,314801.1
121500.0,100178.61
189100.0,227566.08
173700.0,204793.64
206700.0,232229.11
162200.0,136972.05
72500.0,86323.9
47500.0,69229.7
155300.0,150230.3
226600.0,240779.42
236100.0,217511.88
175900.0,142134.25
120100.0,95932.62
355600.0,257530.56
218300.0,293016.3
88200.0,109780.04
130400.0,179717.47
158700.0,152222.98
155700.0,138562.06
142900.0,151881.5
301200.0,268333.47
402300.0,442786.38
145700.0,168183.02
209900.0,208917.31
146900.0,225416.67
81900.0,103016.195
174800.0,128925.94
204100.0,138009.48
191700.0,195759.38
183800.0,202894.16
91700.0,122027.33
143500.0,177501.08
195800.0,161551.45
163400.0,126402.37
108300.0,87446.32
213300.0,149847.97
313600.0,312252.7
72200.0,106329.6
116000.0,100325.56
170000.0,150448.38
77300.0,89789.32
81300.0,85834.38
182400.0,185939.6
240600.0,156195.77
210700.0,254240.08
137300.0,142749.77
376000.0,220333.73
122100.0,104498.664
169300.0,226181.78
362500.0,215009.14
187700.0,246246.42
455500.0,485634.7
285400.0,236807.86
110000.0,212089.16
161200.0,197908.33
310800.0,282743.94
137900.0,137573.6
145800.0,148973.66
80400.0,71933.26
158700.0,193149.25
88400.0,95435.74
158800.0,174386.9
109600.0,144177.05
175500.0,200300.23
165700.0,218903.44
111200.0,108475.81
445900.0,260822.6
162500.0,109706.47
124600.0,103947.62
221000.0,267447.72
138100.0,142056.73
37900.0,146466.23
333100.0,230522.55
267400.0,240404.95
147100.0,137860.58
156300.0,125113.58
310000.0,156483.38
119800.0,89142.32
225000.0,164769.22
183900.0,175261.55
119200.0,157811.36
185100.0,161841.22
227100.0,241612.33
55000.0,95608.555
288500.0,358355.22
128900.0,179719.36
108300.0,108765.13
340600.0,174589.75
194700.0,186521.95
110300.0,103056.484
164400.0,214163.75
274100.0,348710.12
92900.0,107900.805
104000.0,108825.0
100000.0,130832.03
93800.0,95268.15
235800.0,205955.69
267800.0,197155.75
130800.0,145951.44
492900.0,212701.28
154700.0,159120.25
143800.0,121377.24
235300.0,251693.0
90600.0,133696.0
414800.0,320312.78
95000.0,104588.49
368300.0,374960.8
265000.0,236897.31
310700.0,302781.34
65400.0,81885.49
264900.0,160880.95
69700.0,75796.3
276800.0,187200.75
325000.0,192436.23
150500.0,112846.96
200300.0,176202.9
179400.0,190942.31
156700.0,112879.46
111300.0,128676.336
319100.0,282230.44
239200.0,250792.33
234900.0,253453.06
256300.0,219537.11
288300.0,307235.22
92400.0,175286.62
187500.0,230687.92
111300.0,93433.14
112500.0,259429.4
205500.0,220671.67
86900.0,129343.305
85100.0,77129.195
156300.0,184886.95
211000.0,193141.14
362700.0,317296.75
275600.0,237593.05
144300.0,171531.89
151200.0,162446.3
429000.0,253013.77
86900.0,98759.59
223800.0,211206.89
107400.0,133255.06
160300.0,207991.9
83800.0,84746.15
81000.0,97072.055
64900.0,118770.48
443900.0,336188.25
272600.0,307557.7
63400.0,78261.9
200000.0,162529.5
158300.0,146358.86
295800.0,227243.16
332500.0,344816.84
184400.0,184614.75
290400.0,239039.89
96100.0,139261.28
279400.0,264867.56
140900.0,155072.5
190500.0,200414.31
474300.0,220636.73
158300.0,115543.34
169600.0,141253.47
161800.0,147810.66
164600.0,148142.3
163200.0,190308.94
228800.0,243484.56
491200.0,275122.34
179200.0,167769.88
320200.0,295300.66
158300.0,221300.55
218400.0,176486.62
64900.0,78027.37
73500.0,234748.86
171700.0,177749.08
154800.0,115212.25
144800.0,168956.92
290600.0,219610.19
265200.0,253689.8
218900.0,274663.56
108000.0,133351.3
178100.0,215449.62
103300.0,95341.05
73300.0,75808.16
52000.0,79758.016
402500.0,320230.6
207800.0,205267.23
336700.0,275950.62
131100.0,159069.88
188600.0,240730.28
476300.0,276655.22
192800.0,185647.4
313400.0,243259.67
195800.0,149074.12
227100.0,221757.52
118800.0,152564.97
331200.0,365561.53
99200.0,93250.56
286600.0,420379.47
129200.0,131670.56
216900.0,245015.66
393800.0,231525.89
221000.0,243783.61
79200.0,83676.82
153100.0,261691.64
318200.0,322956.5
54800.0,82466.92
158800.0,106145.0
305600.0,270935.5
130400.0,116433.69
165800.0,208233.84
150800.0,210472.38
275000.0,214687.05
100500.0,86464.05
151200.0,152671.36
295300.0,209415.02
115800.0,168380.1
43500.0,105920.414
457300.0,280926.72
93800.0,92611.56
119100.0,180823.08
208800.0,163452.52
340100.0,348299.0
152500.0,119934.55
175200.0,164347.38
235600.0,220275.75
374800.0,328890.3
118800.0,138718.61
185100.0,140713.25
217500.0,193847.16
162500.0,127092.81
186200.0,152746.36
313800.0,297327.1
312500.0,342633.66
271900.0,279564.75
198900.0,262324.56
431800.0,295016.1
83200.0,118736.05
232100.0,175895.67
475000.0,262349.84
217700.0,186576.75
187500.0,181237.78
188300.0,205852.4
249300.0,213738.94
392600.0,823044.4
67000.0,91772.7
100000.0,118265.69
60300.0,86305.7
123300.0,125227.46
217200.0,180234.62
283300.0,175413.89
164200.0,134417.58
192600.0,202457.9
291300.0,264378.75
83800.0,76646.56
112500.0,113084.945
97300.0,105873.15
101400.0,156621.03
234000.0,196384.3
341300.0,229929.73
170200.0,162984.3
179300.0,211131.56
88000.0,118853.984
137000.0,217232.84
119400.0,166892.67
83600.0,91400.79
268800.0,234409.48
57000.0,83027.3
254800.0,271710.47
269500.0,193889.31
294800.0,273398.7
316100.0,249871.05
201000.0,197498.25
190000.0,195197.67
178800.0,177562.2
93400.0,107282.08
108300.0,105997.516
179800.0,208142.12
98800.0,119008.24
325800.0,218415.27
141700.0,114595.42
100300.0,119524.86
280100.0,197961.94
93800.0,154528.33
289500.0,270416.12
212100.0,214829.8
168100.0,152850.11
271300.0,261534.47
450000.0,256922.94
178300.0,233631.48
121100.0,133927.25
148600.0,124304.36
50500.0,101189.8
461500.0,231570.5
150000.0,146272.48
110900.0,95744.42
292100.0,287903.75
217100.0,279490.62
116200.0,111106.1
244500.0,268902.7
332400.0,362085.97
165500.0,232333.0
252200.0,308267.44
184300.0,261463.14
85900.0,122385.586
257900.0,201587.06
267200.0,224452.64
302700.0,241285.36
67800.0,88659.4
460000.0,201593.98
260300.0,218502.14
137000.0,118327.625
461600.0,526636.0
119400.0,116874.8
175000.0,124787.664
263700.0,399796.75
220800.0,183692.02
120200.0,111818.836
394400.0,319324.25
52100.0,82908.21
195300.0,188266.73
225000.0,145039.11
224100.0,226527.39
74100.0,140814.86
111300.0,96090.93
163200.0,176052.92
177200.0,210863.55
119600.0,123618.69
257500.0,231288.22
63900.0,85360.914
156300.0,139482.84
174100.0,224226.5
258000.0,262249.28
165500.0,168479.2
67500.0,87429.14
309200.0,312215.2
175000.0,286888.0
225000.0,213594.27
248500.0,176492.02
103000.0,163687.9
151100.0,174165.19
375000.0,149468.61
417600.0,311023.47
169100.0,172932.97
53800.0,74064.61
179600.0,239730.7
109500.0,110394.01
203700.0,271346.62
156800.0,105312.84
156900.0,204187.53
183300.0,203089.69
65200.0,96118.42
75000.0,99635.14
199200.0,232430.95
116100.0,113215.73
229800.0,202960.92
92700.0,134579.58
71900.0,81635.664
350000.0,211133.19
118800.0,125122.29
418800.0,266173.7
111400.0,145843.6
127600.0,178005.4
335200.0,295380.38
268000.0,263145.16
159400.0,142882.83
105900.0,125649.75
138800.0,118412.41
149700.0,182159.47
103900.0,116101.16
211600.0,132163.84
74500.0,91761.59
213400.0,227382.55
232800.0,215019.6
242800.0,229373.44
228500.0,147826.88
205000.0,147780.5
210900.0,182990.88
57900.0,82087.15
128100.0,189302.14
74300.0,83452.8
322900.0,257805.05
202700.0,238232.42
121800.0,142115.0
67500.0,101991.91
331100.0,348759.34
287200.0,299192.2
307400.0,144111.75
138100.0,168191.84
141700.0,106288.44
199900.0,237270.6
166900.0,190996.58
307100.0,204679.81
288500.0,304068.47
162000.0,139911.84
191500.0,195141.84
327500.0,336797.66
168800.0,164038.11
81900.0,104126.6
255200.0,224284.89
90000.0,124461.3
257300.0,206561.73
212200.0,133729.8
498400.0,326208.88
254000.0,239455.6
196700.0,202463.31
263800.0,229154.14
231200.0,253344.31
109800.0,100042.84
255400.0,249988.08
71300.0,131410.38
179200.0,236381.19
222600.0,160316.4
166600.0,177616.73
105000.0,117759.12
234600.0,252731.61
103100.0,86393.08
76200.0,105352.92
213000.0,206212.38
115600.0,112149.805
171000.0,182470.86
222900.0,183008.67
162500.0,309527.97
225000.0,160162.38
79500.0,89050.3
96800.0,132554.66
293200.0,319014.7
81700.0,146945.7
115400.0,153157.56
213200.0,184058.17
153600.0,112645.35
229000.0,164282.66
177600.0,206778.55
88600.0,126327.05
310000.0,201143.66
414800.0,331551.72
351400.0,307205.9
134600.0,129309.51
264500.0,337152.44
113400.0,105480.0
67500.0,59518.86
191700.0,167363.5
234200.0,233443.95
145200.0,147452.06
275900.0,308825.34
155400.0,157189.36
143800.0,113008.83
400000.0,217908.44
99600.0,155875.1
145000.0,126169.445
106900.0,94053.41
450000.0,359904.66
141500.0,134802.83
159200.0,130451.66
56500.0,86991.164
71000.0,92746.266
279100.0,297734.0
285400.0,363376.97
178100.0,178023.23
104200.0,91675.78
220500.0,188765.81
145600.0,140887.53
142500.0,215990.69
98100.0,154612.06
396400.0,242649.38
259200.0,301868.25
86300.0,123970.984
141700.0,118118.26
113900.0,163890.03
178600.0,208145.89
210000.0,181853.97
79700.0,131165.1
420000.0,207442.39
138800.0,152828.39
236200.0,259518.98
47600.0,74593.27
186900.0,128498.16
115400.0,117549.63
55000.0,66193.29
71300.0,152079.48
115000.0,211288.28
81500.0,111285.42
183300.0,158366.94
128700.0,153231.05
204800.0,186636.02
234400.0,256717.44
275000.0,98356.36
142100.0,206314.27
261300.0,255323.77
164500.0,113361.8
83500.0,149592.23
124100.0,165095.28
142900.0,172115.58
112700.0,171848.39
413000.0,385200.8
316500.0,332120.72
146000.0,130629.69
209800.0,214007.77
283200.0,278901.66
417800.0,350594.12
165600.0,226401.69
190600.0,168620.66
145800.0,166584.5
170300.0,221257.7
322900.0,244271.16
94100.0,100348.336
71000.0,93886.72
105400.0,120150.805
96800.0,134405.66
63300.0,91524.57
169600.0,254049.83
231200.0,240187.02
348600.0,230680.67
307000.0,221141.89
146900.0,125583.734
55700.0,79663.23
226800.0,315576.62
268300.0,279895.0
227100.0,156680.05
135500.0,169759.97
67500.0,106891.24
149600.0,245320.08
151900.0,108458.53
422200.0,253846.14
184600.0,189936.88
165300.0,183285.88
263500.0,157313.38
309100.0,215180.84
170700.0,206990.44
342900.0,400401.53
230800.0,260566.77
123800.0,110160.12
166900.0,205861.23
260900.0,299201.88
147600.0,141117.34
205700.0,216438.56
238000.0,147193.53
148000.0,96772.76
123900.0,118159.16
306800.0,353835.88
58500.0,177049.52
146800.0,113295.55
155500.0,150792.12
96900.0,99948.055
57700.0,101450.11
360600.0,473336.97
330000.0,230002.33
125000.0,59008.156
248700.0,183583.44
241400.0,190429.67
195500.0,159577.38
117800.0,109822.766
114300.0,147129.27
216700.0,216540.34
197700.0,199718.84
250000.0,179457.48
239300.0,173348.25
382100.0,287263.62
195400.0,218848.53
97500.0,149722.55
167200.0,175435.62
173800.0,175292.97
445700.0,412954.1
94900.0,107374.71
279900.0,320776.8
155700.0,163696.66
355100.0,284897.94
184500.0,158350.92
411200.0,362164.38
225400.0,247929.61
313000.0,284119.5
79700.0,99903.17
158100.0,133003.05
232700.0,271931.34
137500.0,188819.28
156300.0,178789.05
184500.0,193920.02
232800.0,216061.56
99300.0,111384.805
333700.0,222293.86
258100.0,168613.58
213900.0,257400.92
76900.0,134868.55
275400.0,270606.5
339300.0,258791.86
238600.0,194655.97
122500.0,134935.83
270100.0,336016.78
290900.0,330395.22
178600.0,186952.94
330000.0,442626.34
100000.0,84997.875
323100.0,231687.8
100600.0,129627.08
366300.0,521246.62
178500.0,183638.6
78400.0,119136.22
205300.0,228695.66
117000.0,104016.44
231400.0,250696.67
262500.0,150950.67
294200.0,381311.9
118800.0,124112.46
327300.0,208337.14
257600.0,249491.02
220700.0,263143.16
52100.0,92175.58
158100.0,204574.62
145600.0,182952.14
139300.0,138536.56
163200.0,183923.77
271200.0,295292.78
190400.0,181672.83
210800.0,204209.14
333800.0,380636.84
125000.0,131397.6
107000.0,132201.8
165600.0,126539.74
233100.0,249025.34
241100.0,220097.25
495500.0,267123.75
183600.0,181881.03
99100.0,125528.54
95000.0,130704.83
75800.0,72785.5
131800.0,117034.3
78000.0,78195.27
126500.0,192244.9
240800.0,117002.38
57500.0,136996.61
251000.0,193802.98
163900.0,165028.06
175000.0,147488.9
187800.0,233849.05
277900.0,233762.3
114200.0,157549.55
316700.0,174660.03
125400.0,131441.6
94200.0,121354.56
329400.0,292737.28
127300.0,100613.3
150000.0,183084.97
104300.0,179798.22
71100.0,102590.89
255900.0,239498.08
205200.0,217612.92
431400.0,311596.16
118800.0,141590.11
150000.0,160317.64
278200.0,232343.86
234900.0,242472.86
187500.0,208147.88
80800.0,109247.29
346200.0,183438.0
214000.0,217710.89
272400.0,335904.3
235000.0,230959.12
54100.0,67565.7
270200.0,256754.9
90400.0,120002.85
139300.0,151249.55
444500.0,293516.38
105800.0,147232.14
295700.0,229607.17
186400.0,184802.0
68600.0,110350.43
261400.0,263472.62
102600.0,100541.74
84100.0,130579.49
227200.0,148884.45
68700.0,80994.96
293900.0,283973.75
365600.0,239923.52
79700.0,136974.0
144100.0,177241.44
232000.0,280157.5
73700.0,112706.06
43600.0,72817.37
218100.0,285310.94
354500.0,205976.12
177200.0,123030.86
67500.0,162682.72
290700.0,244214.1
286100.0,274914.38
112300.0,114068.88
220700.0,215997.08
59700.0,86015.65
101600.0,102045.32
132500.0,144349.42
184000.0,197605.44
167500.0,203816.33
146200.0,158753.73
50600.0,64942.445
201300.0,155893.23
226100.0,125456.85
205600.0,156509.95
300000.0,308393.88
107300.0,129066.67
179700.0,219019.95
163200.0,92639.66
280600.0,234314.05
206000.0,157305.58
68500.0,95590.87
385300.0,254444.56
52500.0,85569.24
208200.0,174184.12
116300.0,126597.2
110900.0,84500.484
287900.0,219202.8
87800.0,101759.61
89900.0,107598.484
43800.0,84319.04
195300.0,249961.14
289900.0,233655.31
49500.0,79453.43
99600.0,135611.7
65400.0,103933.734
134800.0,180477.31
92600.0,84045.27
294700.0,268849.62
141300.0,117895.42
42600.0,78593.54
213200.0,185843.16
169300.0,172704.7
226500.0,216912.38
287600.0,286251.22
218500.0,230124.75
142700.0,135067.28
243800.0,275834.84
277800.0,249664.3
354300.0,351813.62
387800.0,264588.6
95800.0,115379.27
122700.0,117421.12
225000.0,129878.9
53500.0,83779.1
